method,seed,step,episode,episode_return,total_cost,n_served,n_customers,terminated,truncated,n_on_time,n_waited,n_late
random,42,0,0,-41.70877963082818,31.708779630828182,15,15,1,0,11.0,1.0,3.0
random,43,0,1,-45.180618436150105,15.180618436150105,15,15,1,0,7.0,3.0,5.0
random,44,0,2,-59.42272910935393,29.42272910935393,15,15,1,0,7.0,3.0,5.0
random,45,0,3,-50.46527318022345,20.46527318022345,15,15,1,0,7.0,3.0,5.0
random,46,0,4,-60.088231939779874,20.08823193977987,15,15,1,0,6.0,3.0,6.0
random,47,0,5,-41.053491129528936,21.053491129528933,15,15,1,0,7.0,4.0,4.0
random,48,0,6,-75.37416732228327,15.374167322283263,15,15,1,0,6.0,1.0,8.0
random,49,0,7,-84.82861112766136,24.828611127661375,15,15,1,0,5.0,2.0,8.0
random,50,0,8,-66.38930975987697,16.389309759876962,15,15,1,0,5.0,3.0,7.0
random,51,0,9,-83.59091447394908,13.590914473949073,15,15,1,0,3.0,3.0,9.0
random,52,0,10,-105.38448996301679,25.384489963016776,15,15,1,0,3.0,2.0,10.0
random,53,0,11,-109.31831252832866,29.31831252832866,15,15,1,0,3.0,2.0,10.0
random,54,0,12,-72.70836223958203,32.70836223958203,15,15,1,0,5.0,4.0,6.0
random,55,0,13,-77.75406011109494,17.754060111094947,15,15,1,0,5.0,2.0,8.0
random,56,0,14,-67.80688478263001,27.80688478263,15,15,1,0,6.0,3.0,6.0
random,57,0,15,-58.82754239152059,18.827542391520588,15,15,1,0,5.0,4.0,6.0
random,58,0,16,-47.31870734703181,17.31870734703181,15,15,1,0,6.0,4.0,5.0
random,59,0,17,-52.02498741632114,22.02498741632114,15,15,1,0,7.0,3.0,5.0
random,60,0,18,-104.79944945784365,24.79944945784365,15,15,1,0,1.0,4.0,10.0
random,61,0,19,-76.89539587126929,26.895395871269287,15,15,1,0,4.0,4.0,7.0
random,62,0,20,-58.27509931526837,18.275099315268367,15,15,1,0,7.0,2.0,6.0
random,63,0,21,-62.7046785770785,22.704678577078493,15,15,1,0,5.0,4.0,6.0
random,64,0,22,-49.9200502566275,19.920050256627498,15,15,1,0,7.0,3.0,5.0
random,65,0,23,-82.71733052737231,22.717330527372305,15,15,1,0,5.0,2.0,8.0
random,66,0,24,-57.54648044825574,17.546480448255743,15,15,1,0,8.0,1.0,6.0
random,67,0,25,-86.59052957153597,26.59052957153597,15,15,1,0,2.0,5.0,8.0
random,68,0,26,-55.12352202094664,25.123522020946638,15,15,1,0,8.0,2.0,5.0
random,69,0,27,-76.73380855861951,26.733808558619515,15,15,1,0,3.0,5.0,7.0
random,70,0,28,-103.51555654810178,23.515556548101777,15,15,1,0,3.0,2.0,10.0
random,71,0,29,-75.99024329450808,25.990243294508062,15,15,1,0,4.0,4.0,7.0
random,72,0,30,-65.21666935209494,25.21666935209494,15,15,1,0,5.0,4.0,6.0
random,73,0,31,-84.86916240384318,24.86916240384317,15,15,1,0,5.0,2.0,8.0
random,74,0,32,-93.31059959781777,23.310599597817767,15,15,1,0,3.0,3.0,9.0
random,75,0,33,-76.58927179762011,26.589271797620114,15,15,1,0,6.0,2.0,7.0
random,76,0,34,-110.77438294690441,30.774382946904403,15,15,1,0,3.0,2.0,10.0
random,77,0,35,-90.46425424044557,20.464254240445563,15,15,1,0,5.0,1.0,9.0
random,78,0,36,-54.394990594949995,14.394990594949991,15,15,1,0,6.0,3.0,6.0
random,79,0,37,-50.117781897960214,20.117781897960214,15,15,1,0,6.0,4.0,5.0
random,80,0,38,-64.55459239895248,14.554592398952487,15,15,1,0,6.0,2.0,7.0
random,81,0,39,-80.22736466037796,20.22736466037795,15,15,1,0,5.0,2.0,8.0
random,82,0,40,-76.93554821988809,16.93554821988807,15,15,1,0,5.0,2.0,8.0
random,83,0,41,-55.71320213741279,15.713202137412793,15,15,1,0,4.0,5.0,6.0
random,84,0,42,-100.50126566865822,20.501265668658213,15,15,1,0,4.0,1.0,10.0
random,85,0,43,-75.67236647864263,35.67236647864264,15,15,1,0,6.0,3.0,6.0
random,86,0,44,-109.00804379501987,29.008043795019866,15,15,1,0,3.0,2.0,10.0
random,87,0,45,-77.1754904944933,27.1754904944933,15,15,1,0,5.0,3.0,7.0
random,88,0,46,-37.14911268272991,27.149112682729907,15,15,1,0,9.0,3.0,3.0
random,89,0,47,-80.4510059670625,20.451005967062507,15,15,1,0,5.0,2.0,8.0
random,90,0,48,-126.9786677767413,26.97866777674129,15,15,1,0,1.0,2.0,12.0
random,91,0,49,-64.5300566137555,24.530056613755505,15,15,1,0,4.0,5.0,6.0
random,92,0,50,-50.87994487705362,20.87994487705362,15,15,1,0,8.0,2.0,5.0
random,93,0,51,-69.73937113193861,29.73937113193862,15,15,1,0,6.0,3.0,6.0
random,94,0,52,-37.894049572513254,17.894049572513254,15,15,1,0,6.0,5.0,4.0
random,95,0,53,-44.37561762244226,14.37561762244226,15,15,1,0,8.0,2.0,5.0
random,96,0,54,-97.6997636867042,27.699763686704202,15,15,1,0,5.0,1.0,9.0
random,97,0,55,-69.44708594608863,29.447085946088627,15,15,1,0,5.0,4.0,6.0
random,98,0,56,-82.42803853036625,22.42803853036626,15,15,1,0,3.0,4.0,8.0
random,99,0,57,-81.96052865348089,21.960528653480893,15,15,1,0,2.0,5.0,8.0
random,100,0,58,-84.76907360559899,24.76907360559899,15,15,1,0,4.0,3.0,8.0
random,101,0,59,-84.27024272503071,14.270242725030712,15,15,1,0,5.0,1.0,9.0
random,102,0,60,-88.7829431316035,18.782943131603506,15,15,1,0,4.0,2.0,9.0
random,103,0,61,-92.13639063415636,22.13639063415635,15,15,1,0,4.0,2.0,9.0
random,104,0,62,-43.47633479663699,23.47633479663699,15,15,1,0,9.0,2.0,4.0
random,105,0,63,-54.73955460282396,14.739554602823958,15,15,1,0,5.0,4.0,6.0
random,106,0,64,-36.97504136129221,16.975041361292217,15,15,1,0,6.0,5.0,4.0
random,107,0,65,-87.47973204662469,27.47973204662469,15,15,1,0,4.0,3.0,8.0
random,108,0,66,-114.84777827375532,24.847778273755328,15,15,1,0,3.0,1.0,11.0
random,109,0,67,-74.1588924808041,24.158892480804106,15,15,1,0,6.0,2.0,7.0
random,110,0,68,-43.68951479275078,13.689514792750781,15,15,1,0,8.0,2.0,5.0
random,111,0,69,-63.30482073516565,23.30482073516565,15,15,1,0,7.0,2.0,6.0
random,112,0,70,-25.086527089292616,15.086527089292616,15,15,1,0,9.0,3.0,3.0
random,113,0,71,-85.68606121606514,25.68606121606513,15,15,1,0,4.0,3.0,8.0
random,114,0,72,-94.39052961975275,24.390529619752755,15,15,1,0,3.0,3.0,9.0
random,115,0,73,-82.11861717052268,32.11861717052268,15,15,1,0,4.0,4.0,7.0
random,116,0,74,-114.86559548388175,24.865595483881755,15,15,1,0,2.0,2.0,11.0
random,117,0,75,-76.62966698006005,16.629666980060037,15,15,1,0,4.0,3.0,8.0
random,118,0,76,-78.6815989802596,18.681598980259594,15,15,1,0,4.0,3.0,8.0
random,119,0,77,-115.47007667733287,25.470076677332866,15,15,1,0,3.0,1.0,11.0
random,120,0,78,-92.86304621034506,22.863046210345054,15,15,1,0,3.0,3.0,9.0
random,121,0,79,-41.56181772455975,11.561817724559752,15,15,1,0,5.0,5.0,5.0
random,122,0,80,-66.7220570898502,26.72205708985019,15,15,1,0,7.0,2.0,6.0
random,123,0,81,-28.665884887068103,18.665884887068106,15,15,1,0,9.0,3.0,3.0
random,124,0,82,-90.78526014117354,30.78526014117353,15,15,1,0,5.0,2.0,8.0
random,125,0,83,-86.83316139224598,26.833161392245984,15,15,1,0,4.0,3.0,8.0
random,126,0,84,-31.02627861239182,31.02627861239182,15,15,1,0,8.0,5.0,2.0
random,127,0,85,-94.18183392972907,24.18183392972906,15,15,1,0,2.0,4.0,9.0
random,128,0,86,-47.8542461007608,27.854246100760797,15,15,1,0,9.0,2.0,4.0
random,129,0,87,-114.38907025313848,24.389070253138485,15,15,1,0,1.0,3.0,11.0
random,130,0,88,-97.12014545250645,17.12014545250645,15,15,1,0,4.0,1.0,10.0
random,131,0,89,-47.691129160675125,27.691129160675125,15,15,1,0,7.0,4.0,4.0
random,132,0,90,-70.61462631994675,30.614626319946744,15,15,1,0,5.0,4.0,6.0
random,133,0,91,-39.171175037558925,19.17117503755893,15,15,1,0,8.0,3.0,4.0
random,134,0,92,-85.65508924767573,25.65508924767574,15,15,1,0,5.0,2.0,8.0
random,135,0,93,-50.08582867146726,20.085828671467265,15,15,1,0,6.0,4.0,5.0
random,136,0,94,-63.67345804441119,23.67345804441119,15,15,1,0,4.0,5.0,6.0
random,137,0,95,-59.359411188411855,19.359411188411848,15,15,1,0,6.0,3.0,6.0
random,138,0,96,-69.3278017944446,19.32780179444461,15,15,1,0,6.0,2.0,7.0
random,139,0,97,-86.27566756171305,26.275667561713057,15,15,1,0,6.0,1.0,8.0
random,140,0,98,-81.42397638913373,21.423976389133713,15,15,1,0,6.0,1.0,8.0
random,141,0,99,-41.53512711484006,21.53512711484006,15,15,1,0,8.0,3.0,4.0
greedy,42,0,0,-13.881160086390697,13.881160086390697,15,15,1,0,9.0,4.0,2.0
greedy,43,0,1,-32.378851776634946,12.378851776634942,15,15,1,0,8.0,3.0,4.0
greedy,44,0,2,-42.77754125696926,12.777541256969263,15,15,1,0,8.0,2.0,5.0
greedy,45,0,3,-39.45080741704531,9.450807417045315,15,15,1,0,6.0,4.0,5.0
greedy,46,0,4,-53.86095046753565,13.86095046753565,15,15,1,0,6.0,3.0,6.0
greedy,47,0,5,-62.62253919162532,12.622539191625314,15,15,1,0,6.0,2.0,7.0
greedy,48,0,6,-59.06885510753346,9.068855107533459,15,15,1,0,4.0,4.0,7.0
greedy,49,0,7,-63.30176207813818,13.301762078138182,15,15,1,0,6.0,2.0,7.0
greedy,50,0,8,-69.00521000505455,9.005210005054556,15,15,1,0,4.0,3.0,8.0
greedy,51,0,9,-89.16527929080712,9.165279290807119,15,15,1,0,2.0,3.0,10.0
greedy,52,0,10,-50.98361766327637,10.983617663276366,15,15,1,0,6.0,3.0,6.0
greedy,53,0,11,-53.78087406996775,13.780874069967748,15,15,1,0,5.0,4.0,6.0
greedy,54,0,12,-66.65914276707338,16.659142767073376,15,15,1,0,5.0,3.0,7.0
greedy,55,0,13,-74.25342439162799,14.253424391627995,15,15,1,0,4.0,3.0,8.0
greedy,56,0,14,-13.407240317864382,13.407240317864382,15,15,1,0,10.0,3.0,2.0
greedy,57,0,15,-50.9213732633794,10.921373263379405,15,15,1,0,5.0,4.0,6.0
greedy,58,0,16,-52.41463773329695,12.414637733296942,15,15,1,0,5.0,4.0,6.0
greedy,59,0,17,-62.1761402619498,12.176140261949797,15,15,1,0,5.0,3.0,7.0
greedy,60,0,18,-99.0298632267472,19.02986322674719,15,15,1,0,3.0,2.0,10.0
greedy,61,0,19,-74.89471989746244,14.894719897462448,15,15,1,0,5.0,2.0,8.0
greedy,62,0,20,-60.84262364401054,10.842623644010555,15,15,1,0,6.0,2.0,7.0
greedy,63,0,21,-80.58041119324741,10.580411193247413,15,15,1,0,4.0,2.0,9.0
greedy,64,0,22,-30.64361727173857,10.64361727173857,15,15,1,0,9.0,2.0,4.0
greedy,65,0,23,-50.22606221773803,10.226062217738034,15,15,1,0,5.0,4.0,6.0
greedy,66,0,24,-29.945214485827762,9.945214485827758,15,15,1,0,7.0,4.0,4.0
greedy,67,0,25,-82.10284721354951,12.102847213549516,15,15,1,0,1.0,5.0,9.0
greedy,68,0,26,-52.80985472025873,12.809854720258723,15,15,1,0,6.0,3.0,6.0
greedy,69,0,27,-83.85644269287867,13.85644269287867,15,15,1,0,4.0,2.0,9.0
greedy,70,0,28,-61.075620632348304,11.075620632348315,15,15,1,0,5.0,3.0,7.0
greedy,71,0,29,-51.61607243105044,11.61607243105044,15,15,1,0,5.0,4.0,6.0
greedy,72,0,30,-55.47955738491278,15.479557384912786,15,15,1,0,4.0,5.0,6.0
greedy,73,0,31,-53.43959713871938,13.439597138719382,15,15,1,0,2.0,7.0,6.0
greedy,74,0,32,-69.7886408961663,19.788640896166307,15,15,1,0,5.0,3.0,7.0
greedy,75,0,33,-67.05210058484961,17.05210058484961,15,15,1,0,5.0,3.0,7.0
greedy,76,0,34,-65.32824546528865,15.328245465288646,15,15,1,0,4.0,4.0,7.0
greedy,77,0,35,-64.71212618228438,14.712126182284374,15,15,1,0,5.0,3.0,7.0
greedy,78,0,36,-80.06986923928012,10.069869239280116,15,15,1,0,4.0,2.0,9.0
greedy,79,0,37,-32.51144645139013,12.511446451390126,15,15,1,0,7.0,4.0,4.0
greedy,80,0,38,-29.494599363360038,9.494599363360036,15,15,1,0,6.0,5.0,4.0
greedy,81,0,39,-90.57144580988205,10.57144580988205,15,15,1,0,2.0,3.0,10.0
greedy,82,0,40,-42.738060112235715,12.738060112235715,15,15,1,0,6.0,4.0,5.0
greedy,83,0,41,-71.02932063360603,11.029320633606034,15,15,1,0,4.0,3.0,8.0
greedy,84,0,42,-43.0408146000936,13.040814600093604,15,15,1,0,6.0,4.0,5.0
greedy,85,0,43,-33.513158582354066,13.513158582354063,15,15,1,0,5.0,6.0,4.0
greedy,86,0,44,-63.10400463691852,13.10400463691852,15,15,1,0,2.0,6.0,7.0
greedy,87,0,45,-41.56552450318167,11.565524503181669,15,15,1,0,6.0,4.0,5.0
greedy,88,0,46,-61.83089264682893,11.830892646828927,15,15,1,0,5.0,3.0,7.0
greedy,89,0,47,-81.6450456539146,11.645045653914597,15,15,1,0,4.0,2.0,9.0
greedy,90,0,48,-57.072498287860775,17.072498287860782,15,15,1,0,6.0,3.0,6.0
greedy,91,0,49,-87.2088306628324,17.208830662832398,15,15,1,0,4.0,2.0,9.0
greedy,92,0,50,-32.53328552407677,12.533285524076764,15,15,1,0,6.0,5.0,4.0
greedy,93,0,51,-51.97435301704311,11.974353017043109,15,15,1,0,6.0,3.0,6.0
greedy,94,0,52,-51.406369289924996,11.406369289925001,15,15,1,0,6.0,3.0,6.0
greedy,95,0,53,-38.81048467765972,8.810484677659726,15,15,1,0,8.0,2.0,5.0
greedy,96,0,54,-65.38274377391765,15.382743773917653,15,15,1,0,5.0,3.0,7.0
greedy,97,0,55,-64.79147142795057,14.791471427950569,15,15,1,0,6.0,2.0,7.0
greedy,98,0,56,-52.07244621731305,12.072446217313052,15,15,1,0,7.0,2.0,6.0
greedy,99,0,57,-92.47619127506162,12.47619127506162,15,15,1,0,4.0,1.0,10.0
greedy,100,0,58,-32.073747756849876,12.073747756849876,15,15,1,0,6.0,5.0,4.0
greedy,101,0,59,-74.62090532163305,14.62090532163306,15,15,1,0,6.0,1.0,8.0
greedy,102,0,60,-32.40930924596642,12.409309245966417,15,15,1,0,6.0,5.0,4.0
greedy,103,0,61,-83.68760929222901,13.687609292229013,15,15,1,0,4.0,2.0,9.0
greedy,104,0,62,-61.4926291382815,11.492629138281494,15,15,1,0,7.0,1.0,7.0
greedy,105,0,63,-38.27667363355773,8.276673633557724,15,15,1,0,6.0,4.0,5.0
greedy,106,0,64,-72.89845764668,12.89845764668,15,15,1,0,5.0,2.0,8.0
greedy,107,0,65,-48.63554676515663,18.635546765156633,15,15,1,0,6.0,4.0,5.0
greedy,108,0,66,-34.2743999345629,14.2743999345629,15,15,1,0,6.0,5.0,4.0
greedy,109,0,67,-54.7852373180094,14.7852373180094,15,15,1,0,7.0,2.0,6.0
greedy,110,0,68,-48.77189346615178,8.77189346615178,15,15,1,0,6.0,3.0,6.0
greedy,111,0,69,-73.91171618369614,13.911716183696141,15,15,1,0,4.0,3.0,8.0
greedy,112,0,70,-17.09360406755398,7.093604067553979,15,15,1,0,10.0,2.0,3.0
greedy,113,0,71,-55.91213159097815,15.912131590978152,15,15,1,0,6.0,3.0,6.0
greedy,114,0,72,-77.23611006365311,17.23611006365312,15,15,1,0,2.0,5.0,8.0
greedy,115,0,73,-64.83193878677895,14.831938786778956,15,15,1,0,6.0,2.0,7.0
greedy,116,0,74,-112.21467994698975,12.21467994698974,15,15,1,0,2.0,1.0,12.0
greedy,117,0,75,-60.829956498060454,10.829956498060445,15,15,1,0,5.0,3.0,7.0
greedy,118,0,76,-50.34220429305789,10.342204293057886,15,15,1,0,6.0,3.0,6.0
greedy,119,0,77,-102.77841087584305,12.778410875843045,15,15,1,0,3.0,1.0,11.0
greedy,120,0,78,-39.905213090566306,9.90521309056631,15,15,1,0,6.0,4.0,5.0
greedy,121,0,79,-88.46656774902401,8.466567749023994,15,15,1,0,3.0,2.0,10.0
greedy,122,0,80,-53.85550724164416,13.855507241644158,15,15,1,0,7.0,2.0,6.0
greedy,123,0,81,-54.43167329178184,14.431673291781841,15,15,1,0,5.0,4.0,6.0
greedy,124,0,82,-67.72722879246245,17.727228792462462,15,15,1,0,6.0,2.0,7.0
greedy,125,0,83,-53.718249366768624,13.718249366768623,15,15,1,0,6.0,3.0,6.0
greedy,126,0,84,-57.54278517179466,17.542785171794662,15,15,1,0,6.0,3.0,6.0
greedy,127,0,85,-86.3884593872194,16.38845938721939,15,15,1,0,3.0,3.0,9.0
greedy,128,0,86,-12.89578462411346,12.89578462411346,15,15,1,0,9.0,4.0,2.0
greedy,129,0,87,-115.80302712280464,15.803027122804622,15,15,1,0,2.0,1.0,12.0
greedy,130,0,88,-74.52803576727322,14.52803576727323,15,15,1,0,4.0,3.0,8.0
greedy,131,0,89,-16.036335639039635,16.036335639039635,15,15,1,0,7.0,6.0,2.0
greedy,132,0,90,-25.107487901025753,15.107487901025753,15,15,1,0,9.0,3.0,3.0
greedy,133,0,91,-24.708811436679127,14.708811436679127,15,15,1,0,8.0,4.0,3.0
greedy,134,0,92,-32.455543008026666,12.45554300802667,15,15,1,0,7.0,4.0,4.0
greedy,135,0,93,-61.46966603624924,11.469666036249233,15,15,1,0,6.0,2.0,7.0
greedy,136,0,94,-74.49664057646368,14.496640576463683,15,15,1,0,4.0,3.0,8.0
greedy,137,0,95,-48.04276221314984,18.042762213149846,15,15,1,0,6.0,4.0,5.0
greedy,138,0,96,-40.24495421032344,10.244954210323447,15,15,1,0,6.0,4.0,5.0
greedy,139,0,97,-83.69555549380887,13.695555493808854,15,15,1,0,4.0,2.0,9.0
greedy,140,0,98,-51.839060010453025,11.839060010453029,15,15,1,0,7.0,2.0,6.0
greedy,141,0,99,-62.32025636593761,12.32025636593761,15,15,1,0,5.0,3.0,7.0
